machine;size;tilew;tileh;threads;kernel;variant;iterations;schedule;places;label;arg;time
cenva;2048;128;128;1;max;task;51;;cores;;50;461084
cenva;2048;64;64;1;max;task;51;;cores;;50;472849
cenva;2048;32;32;1;max;task;51;;cores;;50;579022
cenva;2048;128;128;1;max;task;126;;cores;;125;1045544
cenva;2048;64;64;1;max;task;126;;cores;;125;1076837
cenva;2048;32;32;1;max;task;126;;cores;;125;1301410
cenva;2048;128;128;1;max;task;247;;cores;;250;1917348
cenva;2048;64;64;1;max;task;247;;cores;;250;1948812
cenva;2048;32;32;1;max;task;247;;cores;;250;2487429
cenva;2048;128;128;1;max;ordered;51;;cores;;50;410041
cenva;2048;64;64;1;max;ordered;51;;cores;;50;419294
cenva;2048;32;32;1;max;ordered;51;;cores;;50;402083
cenva;2048;128;128;1;max;ordered;126;;cores;;125;931044
cenva;2048;64;64;1;max;ordered;126;;cores;;125;926232
cenva;2048;32;32;1;max;ordered;126;;cores;;125;873814
cenva;2048;128;128;1;max;ordered;247;;cores;;250;1755719
cenva;2048;64;64;1;max;ordered;247;;cores;;250;1774298
cenva;2048;32;32;1;max;ordered;247;;cores;;250;1660487
cenva;2048;128;128;2;max;task;51;;cores;;50;246746
cenva;2048;64;64;2;max;task;51;;cores;;50;265771
cenva;2048;32;32;2;max;task;51;;cores;;50;425897
cenva;2048;128;128;2;max;task;126;;cores;;125;565567
cenva;2048;64;64;2;max;task;126;;cores;;125;596715
cenva;2048;32;32;2;max;task;126;;cores;;125;949897
cenva;2048;128;128;2;max;task;247;;cores;;250;1064746
cenva;2048;64;64;2;max;task;247;;cores;;250;1122740
cenva;2048;32;32;2;max;task;247;;cores;;250;1891253
cenva;2048;128;128;2;max;ordered;51;;cores;;50;411163
cenva;2048;64;64;2;max;ordered;51;;cores;;50;420408
cenva;2048;32;32;2;max;ordered;51;;cores;;50;402428
cenva;2048;128;128;2;max;ordered;126;;cores;;125;928098
cenva;2048;64;64;2;max;ordered;126;;cores;;125;943151
cenva;2048;32;32;2;max;ordered;126;;cores;;125;875417
cenva;2048;128;128;2;max;ordered;247;;cores;;250;1756295
cenva;2048;64;64;2;max;ordered;247;;cores;;250;1772005
cenva;2048;32;32;2;max;ordered;247;;cores;;250;1666537
cenva;2048;128;128;4;max;task;51;;cores;;50;136256
cenva;2048;64;64;4;max;task;51;;cores;;50;144429
cenva;2048;32;32;4;max;task;51;;cores;;50;231199
cenva;2048;128;128;4;max;task;126;;cores;;125;303280
cenva;2048;64;64;4;max;task;126;;cores;;125;318968
cenva;2048;32;32;4;max;task;126;;cores;;125;542149
cenva;2048;128;128;4;max;task;247;;cores;;250;574896
cenva;2048;64;64;4;max;task;247;;cores;;250;611482
cenva;2048;32;32;4;max;task;247;;cores;;250;1047627
cenva;2048;128;128;4;max;ordered;51;;cores;;50;412641
cenva;2048;64;64;4;max;ordered;51;;cores;;50;419716
cenva;2048;32;32;4;max;ordered;51;;cores;;50;403190
cenva;2048;128;128;4;max;ordered;126;;cores;;125;928800
cenva;2048;64;64;4;max;ordered;126;;cores;;125;938581
cenva;2048;32;32;4;max;ordered;126;;cores;;125;876031
cenva;2048;128;128;4;max;ordered;247;;cores;;250;1765802
cenva;2048;64;64;4;max;ordered;247;;cores;;250;1766589
cenva;2048;32;32;4;max;ordered;247;;cores;;250;1657586
cenva;2048;128;128;6;max;task;51;;cores;;50;110470
cenva;2048;64;64;6;max;task;51;;cores;;50;110732
cenva;2048;32;32;6;max;task;51;;cores;;50;233315
cenva;2048;128;128;6;max;task;126;;cores;;125;251551
cenva;2048;64;64;6;max;task;126;;cores;;125;246333
cenva;2048;32;32;6;max;task;126;;cores;;125;554178
cenva;2048;128;128;6;max;task;247;;cores;;250;476704
cenva;2048;64;64;6;max;task;247;;cores;;250;477089
cenva;2048;32;32;6;max;task;247;;cores;;250;1088713
cenva;2048;128;128;6;max;ordered;51;;cores;;50;418983
cenva;2048;64;64;6;max;ordered;51;;cores;;50;427404
cenva;2048;32;32;6;max;ordered;51;;cores;;50;402873
cenva;2048;128;128;6;max;ordered;126;;cores;;125;925057
cenva;2048;64;64;6;max;ordered;126;;cores;;125;933737
cenva;2048;32;32;6;max;ordered;126;;cores;;125;873057
cenva;2048;128;128;6;max;ordered;247;;cores;;250;1803722
cenva;2048;64;64;6;max;ordered;247;;cores;;250;1783424
cenva;2048;32;32;6;max;ordered;247;;cores;;250;1663179
cenva;2048;128;128;8;max;task;51;;cores;;50;109429
cenva;2048;64;64;8;max;task;51;;cores;;50;102756
cenva;2048;32;32;8;max;task;51;;cores;;50;232025
cenva;2048;128;128;8;max;task;126;;cores;;125;255250
cenva;2048;64;64;8;max;task;126;;cores;;125;227525
cenva;2048;32;32;8;max;task;126;;cores;;125;567388
cenva;2048;128;128;8;max;task;247;;cores;;250;463258
cenva;2048;64;64;8;max;task;247;;cores;;250;433094
cenva;2048;32;32;8;max;task;247;;cores;;250;1098859
cenva;2048;128;128;8;max;ordered;51;;cores;;50;410677
cenva;2048;64;64;8;max;ordered;51;;cores;;50;419237
cenva;2048;32;32;8;max;ordered;51;;cores;;50;405534
cenva;2048;128;128;8;max;ordered;126;;cores;;125;928596
cenva;2048;64;64;8;max;ordered;126;;cores;;125;925598
cenva;2048;32;32;8;max;ordered;126;;cores;;125;872952
cenva;2048;128;128;8;max;ordered;247;;cores;;250;1756480
cenva;2048;64;64;8;max;ordered;247;;cores;;250;1766580
cenva;2048;32;32;8;max;ordered;247;;cores;;250;1662956
cenva;2048;128;128;1;max;task;51;;cores;;50;445151
cenva;2048;64;64;1;max;task;51;;cores;;50;479800
cenva;2048;32;32;1;max;task;51;;cores;;50;579404
cenva;2048;128;128;1;max;task;126;;cores;;125;1018190
cenva;2048;64;64;1;max;task;126;;cores;;125;1049427
cenva;2048;32;32;1;max;task;126;;cores;;125;1292848
cenva;2048;128;128;1;max;task;247;;cores;;250;1961072
cenva;2048;64;64;1;max;task;247;;cores;;250;1957670
cenva;2048;32;32;1;max;task;247;;cores;;250;2466459
cenva;2048;128;128;1;max;ordered;51;;cores;;50;413593
cenva;2048;64;64;1;max;ordered;51;;cores;;50;418873
cenva;2048;32;32;1;max;ordered;51;;cores;;50;404507
cenva;2048;128;128;1;max;ordered;126;;cores;;125;929526
cenva;2048;64;64;1;max;ordered;126;;cores;;125;927035
cenva;2048;32;32;1;max;ordered;126;;cores;;125;874362
cenva;2048;128;128;1;max;ordered;247;;cores;;250;1747413
cenva;2048;64;64;1;max;ordered;247;;cores;;250;1754781
cenva;2048;32;32;1;max;ordered;247;;cores;;250;1657828
cenva;2048;128;128;2;max;task;51;;cores;;50;243080
cenva;2048;64;64;2;max;task;51;;cores;;50;267606
cenva;2048;32;32;2;max;task;51;;cores;;50;421525
cenva;2048;128;128;2;max;task;126;;cores;;125;556424
cenva;2048;64;64;2;max;task;126;;cores;;125;584551
cenva;2048;32;32;2;max;task;126;;cores;;125;973503
cenva;2048;128;128;2;max;task;247;;cores;;250;1051400
cenva;2048;64;64;2;max;task;247;;cores;;250;1129162
cenva;2048;32;32;2;max;task;247;;cores;;250;1893721
cenva;2048;128;128;2;max;ordered;51;;cores;;50;405623
cenva;2048;64;64;2;max;ordered;51;;cores;;50;419680
cenva;2048;32;32;2;max;ordered;51;;cores;;50;401657
cenva;2048;128;128;2;max;ordered;126;;cores;;125;918531
cenva;2048;64;64;2;max;ordered;126;;cores;;125;925953
cenva;2048;32;32;2;max;ordered;126;;cores;;125;878026
cenva;2048;128;128;2;max;ordered;247;;cores;;250;1756254
cenva;2048;64;64;2;max;ordered;247;;cores;;250;1751341
cenva;2048;32;32;2;max;ordered;247;;cores;;250;1661001
cenva;2048;128;128;4;max;task;51;;cores;;50;132841
cenva;2048;64;64;4;max;task;51;;cores;;50;142958
cenva;2048;32;32;4;max;task;51;;cores;;50;229006
cenva;2048;128;128;4;max;task;126;;cores;;125;300083
cenva;2048;64;64;4;max;task;126;;cores;;125;314885
cenva;2048;32;32;4;max;task;126;;cores;;125;532487
cenva;2048;128;128;4;max;task;247;;cores;;250;574806
cenva;2048;64;64;4;max;task;247;;cores;;250;604394
cenva;2048;32;32;4;max;task;247;;cores;;250;1043268
cenva;2048;128;128;4;max;ordered;51;;cores;;50;409465
cenva;2048;64;64;4;max;ordered;51;;cores;;50;420561
cenva;2048;32;32;4;max;ordered;51;;cores;;50;402960
cenva;2048;128;128;4;max;ordered;126;;cores;;125;941124
cenva;2048;64;64;4;max;ordered;126;;cores;;125;930822
cenva;2048;32;32;4;max;ordered;126;;cores;;125;871537
cenva;2048;128;128;4;max;ordered;247;;cores;;250;1760448
cenva;2048;64;64;4;max;ordered;247;;cores;;250;1762499
cenva;2048;32;32;4;max;ordered;247;;cores;;250;1699077
cenva;2048;128;128;6;max;task;51;;cores;;50;106913
cenva;2048;64;64;6;max;task;51;;cores;;50;109676
cenva;2048;32;32;6;max;task;51;;cores;;50;230034
cenva;2048;128;128;6;max;task;126;;cores;;125;249538
cenva;2048;64;64;6;max;task;126;;cores;;125;243198
cenva;2048;32;32;6;max;task;126;;cores;;125;570972
cenva;2048;128;128;6;max;task;247;;cores;;250;469140
cenva;2048;64;64;6;max;task;247;;cores;;250;475517
cenva;2048;32;32;6;max;task;247;;cores;;250;1104438
cenva;2048;128;128;6;max;ordered;51;;cores;;50;408149
cenva;2048;64;64;6;max;ordered;51;;cores;;50;418961
cenva;2048;32;32;6;max;ordered;51;;cores;;50;402298
cenva;2048;128;128;6;max;ordered;126;;cores;;125;923091
cenva;2048;64;64;6;max;ordered;126;;cores;;125;924866
cenva;2048;32;32;6;max;ordered;126;;cores;;125;871994
cenva;2048;128;128;6;max;ordered;247;;cores;;250;1753229
cenva;2048;64;64;6;max;ordered;247;;cores;;250;1764262
cenva;2048;32;32;6;max;ordered;247;;cores;;250;1692699
cenva;2048;128;128;8;max;task;51;;cores;;50;106808
cenva;2048;64;64;8;max;task;51;;cores;;50;103529
cenva;2048;32;32;8;max;task;51;;cores;;50;232174
cenva;2048;128;128;8;max;task;126;;cores;;125;247442
cenva;2048;64;64;8;max;task;126;;cores;;125;227558
cenva;2048;32;32;8;max;task;126;;cores;;125;566713
cenva;2048;128;128;8;max;task;247;;cores;;250;462278
cenva;2048;64;64;8;max;task;247;;cores;;250;437893
cenva;2048;32;32;8;max;task;247;;cores;;250;1104759
cenva;2048;128;128;8;max;ordered;51;;cores;;50;411317
cenva;2048;64;64;8;max;ordered;51;;cores;;50;420677
cenva;2048;32;32;8;max;ordered;51;;cores;;50;403378
cenva;2048;128;128;8;max;ordered;126;;cores;;125;926778
cenva;2048;64;64;8;max;ordered;126;;cores;;125;928824
cenva;2048;32;32;8;max;ordered;126;;cores;;125;875612
cenva;2048;128;128;8;max;ordered;247;;cores;;250;1777550
cenva;2048;64;64;8;max;ordered;247;;cores;;250;1764520
cenva;2048;32;32;8;max;ordered;247;;cores;;250;1665370
cenva;2048;128;128;1;max;task;51;;cores;;50;460898
cenva;2048;64;64;1;max;task;51;;cores;;50;478526
cenva;2048;32;32;1;max;task;51;;cores;;50;578132
cenva;2048;128;128;1;max;task;126;;cores;;125;1017981
cenva;2048;64;64;1;max;task;126;;cores;;125;1058127
cenva;2048;32;32;1;max;task;126;;cores;;125;1321886
cenva;2048;128;128;1;max;task;247;;cores;;250;2039612
cenva;2048;64;64;1;max;task;247;;cores;;250;2042361
cenva;2048;32;32;1;max;task;247;;cores;;250;2477357
cenva;2048;128;128;1;max;ordered;51;;cores;;50;408369
cenva;2048;64;64;1;max;ordered;51;;cores;;50;420394
cenva;2048;32;32;1;max;ordered;51;;cores;;50;402241
cenva;2048;128;128;1;max;ordered;126;;cores;;125;926445
cenva;2048;64;64;1;max;ordered;126;;cores;;125;923273
cenva;2048;32;32;1;max;ordered;126;;cores;;125;874549
cenva;2048;128;128;1;max;ordered;247;;cores;;250;1750006
cenva;2048;64;64;1;max;ordered;247;;cores;;250;1759133
cenva;2048;32;32;1;max;ordered;247;;cores;;250;1663432
cenva;2048;128;128;2;max;task;51;;cores;;50;243163
cenva;2048;64;64;2;max;task;51;;cores;;50;264833
cenva;2048;32;32;2;max;task;51;;cores;;50;419306
cenva;2048;128;128;2;max;task;126;;cores;;125;546813
cenva;2048;64;64;2;max;task;126;;cores;;125;592307
cenva;2048;32;32;2;max;task;126;;cores;;125;990493
cenva;2048;128;128;2;max;task;247;;cores;;250;1072378
cenva;2048;64;64;2;max;task;247;;cores;;250;1134024
cenva;2048;32;32;2;max;task;247;;cores;;250;1890472
cenva;2048;128;128;2;max;ordered;51;;cores;;50;407230
cenva;2048;64;64;2;max;ordered;51;;cores;;50;418942
cenva;2048;32;32;2;max;ordered;51;;cores;;50;402486
cenva;2048;128;128;2;max;ordered;126;;cores;;125;922283
cenva;2048;64;64;2;max;ordered;126;;cores;;125;927406
cenva;2048;32;32;2;max;ordered;126;;cores;;125;874044
cenva;2048;128;128;2;max;ordered;247;;cores;;250;1772108
cenva;2048;64;64;2;max;ordered;247;;cores;;250;1763494
cenva;2048;32;32;2;max;ordered;247;;cores;;250;1665252
cenva;2048;128;128;4;max;task;51;;cores;;50;132876
cenva;2048;64;64;4;max;task;51;;cores;;50;145502
cenva;2048;32;32;4;max;task;51;;cores;;50;235160
cenva;2048;128;128;4;max;task;126;;cores;;125;303841
cenva;2048;64;64;4;max;task;126;;cores;;125;320054
cenva;2048;32;32;4;max;task;126;;cores;;125;553630
cenva;2048;128;128;4;max;task;247;;cores;;250;580505
cenva;2048;64;64;4;max;task;247;;cores;;250;610199
cenva;2048;32;32;4;max;task;247;;cores;;250;1075013
cenva;2048;128;128;4;max;ordered;51;;cores;;50;405278
cenva;2048;64;64;4;max;ordered;51;;cores;;50;418499
cenva;2048;32;32;4;max;ordered;51;;cores;;50;411750
cenva;2048;128;128;4;max;ordered;126;;cores;;125;920768
cenva;2048;64;64;4;max;ordered;126;;cores;;125;929506
cenva;2048;32;32;4;max;ordered;126;;cores;;125;874373
cenva;2048;128;128;4;max;ordered;247;;cores;;250;1767132
cenva;2048;64;64;4;max;ordered;247;;cores;;250;1773895
cenva;2048;32;32;4;max;ordered;247;;cores;;250;1663870
cenva;2048;128;128;6;max;task;51;;cores;;50;108704
cenva;2048;64;64;6;max;task;51;;cores;;50;112886
cenva;2048;32;32;6;max;task;51;;cores;;50;232727
cenva;2048;128;128;6;max;task;126;;cores;;125;248956
cenva;2048;64;64;6;max;task;126;;cores;;125;245462
cenva;2048;32;32;6;max;task;126;;cores;;125;565540
cenva;2048;128;128;6;max;task;247;;cores;;250;480689
cenva;2048;64;64;6;max;task;247;;cores;;250;482136
cenva;2048;32;32;6;max;task;247;;cores;;250;1118353
cenva;2048;128;128;6;max;ordered;51;;cores;;50;408967
cenva;2048;64;64;6;max;ordered;51;;cores;;50;426154
cenva;2048;32;32;6;max;ordered;51;;cores;;50;402791
cenva;2048;128;128;6;max;ordered;126;;cores;;125;945520
cenva;2048;64;64;6;max;ordered;126;;cores;;125;928808
cenva;2048;32;32;6;max;ordered;126;;cores;;125;872447
cenva;2048;128;128;6;max;ordered;247;;cores;;250;1751201
cenva;2048;64;64;6;max;ordered;247;;cores;;250;1763832
cenva;2048;32;32;6;max;ordered;247;;cores;;250;1673233
cenva;2048;128;128;8;max;task;51;;cores;;50;105080
cenva;2048;64;64;8;max;task;51;;cores;;50;102648
cenva;2048;32;32;8;max;task;51;;cores;;50;234068
cenva;2048;128;128;8;max;task;126;;cores;;125;242562
cenva;2048;64;64;8;max;task;126;;cores;;125;229331
cenva;2048;32;32;8;max;task;126;;cores;;125;565120
cenva;2048;128;128;8;max;task;247;;cores;;250;467100
cenva;2048;64;64;8;max;task;247;;cores;;250;445780
cenva;2048;32;32;8;max;task;247;;cores;;250;1104171
cenva;2048;128;128;8;max;ordered;51;;cores;;50;407218
cenva;2048;64;64;8;max;ordered;51;;cores;;50;418668
cenva;2048;32;32;8;max;ordered;51;;cores;;50;403431
cenva;2048;128;128;8;max;ordered;126;;cores;;125;920776
cenva;2048;64;64;8;max;ordered;126;;cores;;125;923325
cenva;2048;32;32;8;max;ordered;126;;cores;;125;873388
cenva;2048;128;128;8;max;ordered;247;;cores;;250;1758235
cenva;2048;64;64;8;max;ordered;247;;cores;;250;1772367
cenva;2048;32;32;8;max;ordered;247;;cores;;250;1666742
cenva;2048;128;128;1;max;task;51;;cores;;50;454627
cenva;2048;64;64;1;max;task;51;;cores;;50;473655
cenva;2048;32;32;1;max;task;51;;cores;;50;579745
cenva;2048;128;128;1;max;task;126;;cores;;125;1025580
cenva;2048;64;64;1;max;task;126;;cores;;125;1053674
cenva;2048;32;32;1;max;task;126;;cores;;125;1315358
cenva;2048;128;128;1;max;task;247;;cores;;250;1953655
cenva;2048;64;64;1;max;task;247;;cores;;250;2011448
cenva;2048;32;32;1;max;task;247;;cores;;250;2547864
cenva;2048;128;128;1;max;ordered;51;;cores;;50;417345
cenva;2048;64;64;1;max;ordered;51;;cores;;50;426178
cenva;2048;32;32;1;max;ordered;51;;cores;;50;401745
cenva;2048;128;128;1;max;ordered;126;;cores;;125;925032
cenva;2048;64;64;1;max;ordered;126;;cores;;125;924478
cenva;2048;32;32;1;max;ordered;126;;cores;;125;873450
cenva;2048;128;128;1;max;ordered;247;;cores;;250;1753449
cenva;2048;64;64;1;max;ordered;247;;cores;;250;1774627
cenva;2048;32;32;1;max;ordered;247;;cores;;250;1665678
cenva;2048;128;128;2;max;task;51;;cores;;50;247431
cenva;2048;64;64;2;max;task;51;;cores;;50;273071
cenva;2048;32;32;2;max;task;51;;cores;;50;428969
cenva;2048;128;128;2;max;task;126;;cores;;125;545751
cenva;2048;64;64;2;max;task;126;;cores;;125;601861
cenva;2048;32;32;2;max;task;126;;cores;;125;986126
cenva;2048;128;128;2;max;task;247;;cores;;250;1058627
cenva;2048;64;64;2;max;task;247;;cores;;250;1157631
cenva;2048;32;32;2;max;task;247;;cores;;250;1875958
cenva;2048;128;128;2;max;ordered;51;;cores;;50;408497
cenva;2048;64;64;2;max;ordered;51;;cores;;50;419114
cenva;2048;32;32;2;max;ordered;51;;cores;;50;403129
cenva;2048;128;128;2;max;ordered;126;;cores;;125;926386
cenva;2048;64;64;2;max;ordered;126;;cores;;125;925028
cenva;2048;32;32;2;max;ordered;126;;cores;;125;873897
cenva;2048;128;128;2;max;ordered;247;;cores;;250;1778594
cenva;2048;64;64;2;max;ordered;247;;cores;;250;1764237
cenva;2048;32;32;2;max;ordered;247;;cores;;250;1663665
cenva;2048;128;128;4;max;task;51;;cores;;50;132810
cenva;2048;64;64;4;max;task;51;;cores;;50;147067
cenva;2048;32;32;4;max;task;51;;cores;;50;238620
cenva;2048;128;128;4;max;task;126;;cores;;125;310902
cenva;2048;64;64;4;max;task;126;;cores;;125;321668
cenva;2048;32;32;4;max;task;126;;cores;;125;556948
cenva;2048;128;128;4;max;task;247;;cores;;250;578976
cenva;2048;64;64;4;max;task;247;;cores;;250;613038
cenva;2048;32;32;4;max;task;247;;cores;;250;1088754
cenva;2048;128;128;4;max;ordered;51;;cores;;50;410900
cenva;2048;64;64;4;max;ordered;51;;cores;;50;418930
cenva;2048;32;32;4;max;ordered;51;;cores;;50;403775
cenva;2048;128;128;4;max;ordered;126;;cores;;125;928733
cenva;2048;64;64;4;max;ordered;126;;cores;;125;922368
cenva;2048;32;32;4;max;ordered;126;;cores;;125;884964
cenva;2048;128;128;4;max;ordered;247;;cores;;250;1764405
cenva;2048;64;64;4;max;ordered;247;;cores;;250;1785875
cenva;2048;32;32;4;max;ordered;247;;cores;;250;1659094
cenva;2048;128;128;6;max;task;51;;cores;;50;109916
cenva;2048;64;64;6;max;task;51;;cores;;50;109627
cenva;2048;32;32;6;max;task;51;;cores;;50;231727
cenva;2048;128;128;6;max;task;126;;cores;;125;252922
cenva;2048;64;64;6;max;task;126;;cores;;125;259116
cenva;2048;32;32;6;max;task;126;;cores;;125;567631
cenva;2048;128;128;6;max;task;247;;cores;;250;477424
cenva;2048;64;64;6;max;task;247;;cores;;250;470820
cenva;2048;32;32;6;max;task;247;;cores;;250;1112052
cenva;2048;128;128;6;max;ordered;51;;cores;;50;411297
cenva;2048;64;64;6;max;ordered;51;;cores;;50;419790
cenva;2048;32;32;6;max;ordered;51;;cores;;50;404115
cenva;2048;128;128;6;max;ordered;126;;cores;;125;923415
cenva;2048;64;64;6;max;ordered;126;;cores;;125;937729
cenva;2048;32;32;6;max;ordered;126;;cores;;125;874311
cenva;2048;128;128;6;max;ordered;247;;cores;;250;1762876
cenva;2048;64;64;6;max;ordered;247;;cores;;250;1759790
cenva;2048;32;32;6;max;ordered;247;;cores;;250;1664732
cenva;2048;128;128;8;max;task;51;;cores;;50;106357
cenva;2048;64;64;8;max;task;51;;cores;;50;106153
cenva;2048;32;32;8;max;task;51;;cores;;50;241510
cenva;2048;128;128;8;max;task;126;;cores;;125;251035
cenva;2048;64;64;8;max;task;126;;cores;;125;226749
cenva;2048;32;32;8;max;task;126;;cores;;125;561195
cenva;2048;128;128;8;max;task;247;;cores;;250;463326
cenva;2048;64;64;8;max;task;247;;cores;;250;442725
cenva;2048;32;32;8;max;task;247;;cores;;250;1091639
cenva;2048;128;128;8;max;ordered;51;;cores;;50;409890
cenva;2048;64;64;8;max;ordered;51;;cores;;50;420115
cenva;2048;32;32;8;max;ordered;51;;cores;;50;402156
cenva;2048;128;128;8;max;ordered;126;;cores;;125;921106
cenva;2048;64;64;8;max;ordered;126;;cores;;125;925814
cenva;2048;32;32;8;max;ordered;126;;cores;;125;888567
cenva;2048;128;128;8;max;ordered;247;;cores;;250;1747554
cenva;2048;64;64;8;max;ordered;247;;cores;;250;1750421
cenva;2048;32;32;8;max;ordered;247;;cores;;250;1659764
cenva;2048;128;128;1;max;task;51;;cores;;50;449655
cenva;2048;64;64;1;max;task;51;;cores;;50;464949
cenva;2048;32;32;1;max;task;51;;cores;;50;580800
cenva;2048;128;128;1;max;task;126;;cores;;125;1015643
cenva;2048;64;64;1;max;task;126;;cores;;125;1071684
cenva;2048;32;32;1;max;task;126;;cores;;125;1304120
cenva;2048;128;128;1;max;task;247;;cores;;250;2103798
cenva;2048;64;64;1;max;task;247;;cores;;250;2001915
cenva;2048;32;32;1;max;task;247;;cores;;250;2490014
cenva;2048;128;128;1;max;ordered;51;;cores;;50;411086
cenva;2048;64;64;1;max;ordered;51;;cores;;50;425217
cenva;2048;32;32;1;max;ordered;51;;cores;;50;403239
cenva;2048;128;128;1;max;ordered;126;;cores;;125;924357
cenva;2048;64;64;1;max;ordered;126;;cores;;125;929107
cenva;2048;32;32;1;max;ordered;126;;cores;;125;873809
cenva;2048;128;128;1;max;ordered;247;;cores;;250;1757983
cenva;2048;64;64;1;max;ordered;247;;cores;;250;1752942
cenva;2048;32;32;1;max;ordered;247;;cores;;250;1657582
cenva;2048;128;128;2;max;task;51;;cores;;50;240696
cenva;2048;64;64;2;max;task;51;;cores;;50;267178
cenva;2048;32;32;2;max;task;51;;cores;;50;420776
cenva;2048;128;128;2;max;task;126;;cores;;125;551965
cenva;2048;64;64;2;max;task;126;;cores;;125;581014
cenva;2048;32;32;2;max;task;126;;cores;;125;973652
cenva;2048;128;128;2;max;task;247;;cores;;250;1028575
cenva;2048;64;64;2;max;task;247;;cores;;250;1121889
cenva;2048;32;32;2;max;task;247;;cores;;250;1892129
cenva;2048;128;128;2;max;ordered;51;;cores;;50;415496
cenva;2048;64;64;2;max;ordered;51;;cores;;50;419695
cenva;2048;32;32;2;max;ordered;51;;cores;;50;402786
cenva;2048;128;128;2;max;ordered;126;;cores;;125;925916
cenva;2048;64;64;2;max;ordered;126;;cores;;125;923437
cenva;2048;32;32;2;max;ordered;126;;cores;;125;873109
cenva;2048;128;128;2;max;ordered;247;;cores;;250;1758201
cenva;2048;64;64;2;max;ordered;247;;cores;;250;1762689
cenva;2048;32;32;2;max;ordered;247;;cores;;250;1660131
cenva;2048;128;128;4;max;task;51;;cores;;50;133740
cenva;2048;64;64;4;max;task;51;;cores;;50;142736
cenva;2048;32;32;4;max;task;51;;cores;;50;230819
cenva;2048;128;128;4;max;task;126;;cores;;125;303476
cenva;2048;64;64;4;max;task;126;;cores;;125;321163
cenva;2048;32;32;4;max;task;126;;cores;;125;530130
cenva;2048;128;128;4;max;task;247;;cores;;250;572839
cenva;2048;64;64;4;max;task;247;;cores;;250;597319
cenva;2048;32;32;4;max;task;247;;cores;;250;1046484
cenva;2048;128;128;4;max;ordered;51;;cores;;50;408976
cenva;2048;64;64;4;max;ordered;51;;cores;;50;420193
cenva;2048;32;32;4;max;ordered;51;;cores;;50;411145
cenva;2048;128;128;4;max;ordered;126;;cores;;125;919751
cenva;2048;64;64;4;max;ordered;126;;cores;;125;935515
cenva;2048;32;32;4;max;ordered;126;;cores;;125;875438
cenva;2048;128;128;4;max;ordered;247;;cores;;250;1758608
cenva;2048;64;64;4;max;ordered;247;;cores;;250;1766109
cenva;2048;32;32;4;max;ordered;247;;cores;;250;1661807
cenva;2048;128;128;6;max;task;51;;cores;;50;108820
cenva;2048;64;64;6;max;task;51;;cores;;50;108988
cenva;2048;32;32;6;max;task;51;;cores;;50;226811
cenva;2048;128;128;6;max;task;126;;cores;;125;247259
cenva;2048;64;64;6;max;task;126;;cores;;125;243585
cenva;2048;32;32;6;max;task;126;;cores;;125;553012
cenva;2048;128;128;6;max;task;247;;cores;;250;471284
cenva;2048;64;64;6;max;task;247;;cores;;250;466366
cenva;2048;32;32;6;max;task;247;;cores;;250;1091275
cenva;2048;128;128;6;max;ordered;51;;cores;;50;404549
cenva;2048;64;64;6;max;ordered;51;;cores;;50;421098
cenva;2048;32;32;6;max;ordered;51;;cores;;50;403474
cenva;2048;128;128;6;max;ordered;126;;cores;;125;912910
cenva;2048;64;64;6;max;ordered;126;;cores;;125;930189
cenva;2048;32;32;6;max;ordered;126;;cores;;125;874337
cenva;2048;128;128;6;max;ordered;247;;cores;;250;1759385
cenva;2048;64;64;6;max;ordered;247;;cores;;250;1756096
cenva;2048;32;32;6;max;ordered;247;;cores;;250;1697377
cenva;2048;128;128;8;max;task;51;;cores;;50;103747
cenva;2048;64;64;8;max;task;51;;cores;;50;100455
cenva;2048;32;32;8;max;task;51;;cores;;50;229712
cenva;2048;128;128;8;max;task;126;;cores;;125;241091
cenva;2048;64;64;8;max;task;126;;cores;;125;227106
cenva;2048;32;32;8;max;task;126;;cores;;125;564432
cenva;2048;128;128;8;max;task;247;;cores;;250;466400
cenva;2048;64;64;8;max;task;247;;cores;;250;438810
cenva;2048;32;32;8;max;task;247;;cores;;250;1101580
cenva;2048;128;128;8;max;ordered;51;;cores;;50;409093
cenva;2048;64;64;8;max;ordered;51;;cores;;50;418902
cenva;2048;32;32;8;max;ordered;51;;cores;;50;402095
cenva;2048;128;128;8;max;ordered;126;;cores;;125;922956
cenva;2048;64;64;8;max;ordered;126;;cores;;125;922088
cenva;2048;32;32;8;max;ordered;126;;cores;;125;874519
cenva;2048;128;128;8;max;ordered;247;;cores;;250;1753461
cenva;2048;64;64;8;max;ordered;247;;cores;;250;1752188
cenva;2048;32;32;8;max;ordered;247;;cores;;250;1668825
cenva;2048;128;128;1;max;omp;51;static;cores;;50;381399
cenva;2048;64;64;1;max;omp;51;static;cores;;50;381915
cenva;2048;32;32;1;max;omp;51;static;cores;;50;381203
cenva;2048;128;128;1;max;omp;126;static;cores;;125;877697
cenva;2048;64;64;1;max;omp;126;static;cores;;125;878606
cenva;2048;32;32;1;max;omp;126;static;cores;;125;879186
cenva;2048;128;128;1;max;omp;247;static;cores;;250;1654170
cenva;2048;64;64;1;max;omp;247;static;cores;;250;1657926
cenva;2048;32;32;1;max;omp;247;static;cores;;250;1662557
cenva;2048;128;128;1;max;omp;51;dynamic;cores;;50;387982
cenva;2048;64;64;1;max;omp;51;dynamic;cores;;50;381280
cenva;2048;32;32;1;max;omp;51;dynamic;cores;;50;380811
cenva;2048;128;128;1;max;omp;126;dynamic;cores;;125;879186
cenva;2048;64;64;1;max;omp;126;dynamic;cores;;125;877851
cenva;2048;32;32;1;max;omp;126;dynamic;cores;;125;878470
cenva;2048;128;128;1;max;omp;247;dynamic;cores;;250;1654995
cenva;2048;64;64;1;max;omp;247;dynamic;cores;;250;1655963
cenva;2048;32;32;1;max;omp;247;dynamic;cores;;250;1659483
cenva;2048;128;128;1;max;omp;51;static,2;cores;;50;381204
cenva;2048;64;64;1;max;omp;51;static,2;cores;;50;388527
cenva;2048;32;32;1;max;omp;51;static,2;cores;;50;381492
cenva;2048;128;128;1;max;omp;126;static,2;cores;;125;880145
cenva;2048;64;64;1;max;omp;126;static,2;cores;;125;879802
cenva;2048;32;32;1;max;omp;126;static,2;cores;;125;879250
cenva;2048;128;128;1;max;omp;247;static,2;cores;;250;1656168
cenva;2048;64;64;1;max;omp;247;static,2;cores;;250;1655342
cenva;2048;32;32;1;max;omp;247;static,2;cores;;250;1654736
cenva;2048;128;128;2;max;omp;52;static;cores;;50;200370
cenva;2048;64;64;2;max;omp;52;static;cores;;50;198887
cenva;2048;32;32;2;max;omp;52;static;cores;;50;197400
cenva;2048;128;128;2;max;omp;126;static;cores;;125;452797
cenva;2048;64;64;2;max;omp;126;static;cores;;125;445819
cenva;2048;32;32;2;max;omp;126;static;cores;;125;445236
cenva;2048;128;128;2;max;omp;255;static;cores;;250;871196
cenva;2048;64;64;2;max;omp;255;static;cores;;250;878511
cenva;2048;32;32;2;max;omp;255;static;cores;;250;870992
cenva;2048;128;128;2;max;omp;52;dynamic;cores;;50;197644
cenva;2048;64;64;2;max;omp;52;dynamic;cores;;50;198022
cenva;2048;32;32;2;max;omp;52;dynamic;cores;;50;198405
cenva;2048;128;128;2;max;omp;126;dynamic;cores;;125;449828
cenva;2048;64;64;2;max;omp;126;dynamic;cores;;125;445103
cenva;2048;32;32;2;max;omp;126;dynamic;cores;;125;453580
cenva;2048;128;128;2;max;omp;255;dynamic;cores;;250;867744
cenva;2048;64;64;2;max;omp;255;dynamic;cores;;250;871182
cenva;2048;32;32;2;max;omp;255;dynamic;cores;;250;877676
cenva;2048;128;128;2;max;omp;52;static,2;cores;;50;197845
cenva;2048;64;64;2;max;omp;52;static,2;cores;;50;197426
cenva;2048;32;32;2;max;omp;52;static,2;cores;;50;197129
cenva;2048;128;128;2;max;omp;126;static,2;cores;;125;447299
cenva;2048;64;64;2;max;omp;126;static,2;cores;;125;448715
cenva;2048;32;32;2;max;omp;126;static,2;cores;;125;448711
cenva;2048;128;128;2;max;omp;255;static,2;cores;;250;880958
cenva;2048;64;64;2;max;omp;255;static,2;cores;;250;870279
cenva;2048;32;32;2;max;omp;255;static,2;cores;;250;867855
cenva;2048;128;128;4;max;omp;151;static;cores;;50;292242
cenva;2048;64;64;4;max;omp;151;static;cores;;50;290838
cenva;2048;32;32;4;max;omp;151;static;cores;;50;290203
cenva;2048;128;128;4;max;omp;146;static;cores;;125;269161
cenva;2048;64;64;4;max;omp;146;static;cores;;125;269689
cenva;2048;32;32;4;max;omp;146;static;cores;;125;270116
cenva;2048;128;128;4;max;omp;724;static;cores;;250;1273942
cenva;2048;64;64;4;max;omp;724;static;cores;;250;1271272
cenva;2048;32;32;4;max;omp;724;static;cores;;250;1268163
cenva;2048;128;128;4;max;omp;151;dynamic;cores;;50;305080
cenva;2048;64;64;4;max;omp;151;dynamic;cores;;50;295540
cenva;2048;32;32;4;max;omp;151;dynamic;cores;;50;291754
cenva;2048;128;128;4;max;omp;146;dynamic;cores;;125;284837
cenva;2048;64;64;4;max;omp;146;dynamic;cores;;125;269150
cenva;2048;32;32;4;max;omp;146;dynamic;cores;;125;268564
cenva;2048;128;128;4;max;omp;724;dynamic;cores;;250;1267128
cenva;2048;64;64;4;max;omp;724;dynamic;cores;;250;1265221
cenva;2048;32;32;4;max;omp;724;dynamic;cores;;250;1256357
cenva;2048;128;128;4;max;omp;151;static,2;cores;;50;289210
cenva;2048;64;64;4;max;omp;151;static,2;cores;;50;292868
cenva;2048;32;32;4;max;omp;151;static,2;cores;;50;319495
cenva;2048;128;128;4;max;omp;146;static,2;cores;;125;293006
cenva;2048;64;64;4;max;omp;146;static,2;cores;;125;277986
cenva;2048;32;32;4;max;omp;146;static,2;cores;;125;318432
cenva;2048;128;128;4;max;omp;724;static,2;cores;;250;1402286
cenva;2048;64;64;4;max;omp;724;static,2;cores;;250;1569519
cenva;2048;32;32;4;max;omp;724;static,2;cores;;250;1278732
cenva;2048;128;128;6;max;omp;123;static;cores;;50;253251
cenva;2048;64;64;6;max;omp;123;static;cores;;50;256146
cenva;2048;32;32;6;max;omp;123;static;cores;;50;254228
cenva;2048;128;128;6;max;omp;317;static;cores;;125;641663
cenva;2048;64;64;6;max;omp;317;static;cores;;125;635266
cenva;2048;32;32;6;max;omp;317;static;cores;;125;646670
cenva;2048;128;128;6;max;omp;898;static;cores;;250;1814262
cenva;2048;64;64;6;max;omp;898;static;cores;;250;1807330
cenva;2048;32;32;6;max;omp;898;static;cores;;250;1822238
cenva;2048;128;128;6;max;omp;123;dynamic;cores;;50;261677
cenva;2048;64;64;6;max;omp;123;dynamic;cores;;50;262955
cenva;2048;32;32;6;max;omp;123;dynamic;cores;;50;264202
cenva;2048;128;128;6;max;omp;317;dynamic;cores;;125;662144
cenva;2048;64;64;6;max;omp;317;dynamic;cores;;125;656418
cenva;2048;32;32;6;max;omp;317;dynamic;cores;;125;652609
cenva;2048;128;128;6;max;omp;898;dynamic;cores;;250;1811049
cenva;2048;64;64;6;max;omp;898;dynamic;cores;;250;1808923
cenva;2048;32;32;6;max;omp;898;dynamic;cores;;250;1810134
cenva;2048;128;128;6;max;omp;123;static,2;cores;;50;260852
cenva;2048;64;64;6;max;omp;123;static,2;cores;;50;264997
cenva;2048;32;32;6;max;omp;123;static,2;cores;;50;262273
cenva;2048;128;128;6;max;omp;317;static,2;cores;;125;665234
cenva;2048;64;64;6;max;omp;317;static,2;cores;;125;655851
cenva;2048;32;32;6;max;omp;317;static,2;cores;;125;653747
cenva;2048;128;128;6;max;omp;898;static,2;cores;;250;1806836
cenva;2048;64;64;6;max;omp;898;static,2;cores;;250;1816856
cenva;2048;32;32;6;max;omp;898;static,2;cores;;250;1814973
cenva;2048;128;128;8;max;omp;151;static;cores;;50;279218
cenva;2048;64;64;8;max;omp;151;static;cores;;50;279587
cenva;2048;32;32;8;max;omp;151;static;cores;;50;283521
cenva;2048;128;128;8;max;omp;369;static;cores;;125;655744
cenva;2048;64;64;8;max;omp;369;static;cores;;125;657109
cenva;2048;32;32;8;max;omp;369;static;cores;;125;663243
cenva;2048;128;128;8;max;omp;1189;static;cores;;250;2079461
cenva;2048;64;64;8;max;omp;1189;static;cores;;250;2079078
cenva;2048;32;32;8;max;omp;1189;static;cores;;250;2075034
cenva;2048;128;128;8;max;omp;151;dynamic;cores;;50;278571
cenva;2048;64;64;8;max;omp;151;dynamic;cores;;50;280133
cenva;2048;32;32;8;max;omp;151;dynamic;cores;;50;283944
cenva;2048;128;128;8;max;omp;369;dynamic;cores;;125;648007
cenva;2048;64;64;8;max;omp;369;dynamic;cores;;125;652325
cenva;2048;32;32;8;max;omp;369;dynamic;cores;;125;654270
cenva;2048;128;128;8;max;omp;1189;dynamic;cores;;250;2078688
cenva;2048;64;64;8;max;omp;1189;dynamic;cores;;250;2077853
cenva;2048;32;32;8;max;omp;1189;dynamic;cores;;250;2068363
cenva;2048;128;128;8;max;omp;151;static,2;cores;;50;280822
cenva;2048;64;64;8;max;omp;151;static,2;cores;;50;282038
cenva;2048;32;32;8;max;omp;151;static,2;cores;;50;291069
cenva;2048;128;128;8;max;omp;369;static,2;cores;;125;653845
cenva;2048;64;64;8;max;omp;369;static,2;cores;;125;655836
cenva;2048;32;32;8;max;omp;369;static,2;cores;;125;651247
cenva;2048;128;128;8;max;omp;1189;static,2;cores;;250;2089197
cenva;2048;64;64;8;max;omp;1189;static,2;cores;;250;2072821
cenva;2048;32;32;8;max;omp;1189;static,2;cores;;250;2064498
cenva;2048;128;128;1;max;omp;51;static;cores;;50;381131
cenva;2048;64;64;1;max;omp;51;static;cores;;50;381689
cenva;2048;32;32;1;max;omp;51;static;cores;;50;381769
cenva;2048;128;128;1;max;omp;126;static;cores;;125;885165
cenva;2048;64;64;1;max;omp;126;static;cores;;125;878099
cenva;2048;32;32;1;max;omp;126;static;cores;;125;883716
cenva;2048;128;128;1;max;omp;247;static;cores;;250;1654360
cenva;2048;64;64;1;max;omp;247;static;cores;;250;1657948
cenva;2048;32;32;1;max;omp;247;static;cores;;250;1655739
cenva;2048;128;128;1;max;omp;51;dynamic;cores;;50;380923
cenva;2048;64;64;1;max;omp;51;dynamic;cores;;50;381871
cenva;2048;32;32;1;max;omp;51;dynamic;cores;;50;381342
cenva;2048;128;128;1;max;omp;126;dynamic;cores;;125;880559
cenva;2048;64;64;1;max;omp;126;dynamic;cores;;125;880296
cenva;2048;32;32;1;max;omp;126;dynamic;cores;;125;878911
cenva;2048;128;128;1;max;omp;247;dynamic;cores;;250;1658475
cenva;2048;64;64;1;max;omp;247;dynamic;cores;;250;1667020
cenva;2048;32;32;1;max;omp;247;dynamic;cores;;250;1654992
cenva;2048;128;128;1;max;omp;51;static,2;cores;;50;380893
cenva;2048;64;64;1;max;omp;51;static,2;cores;;50;381074
cenva;2048;32;32;1;max;omp;51;static,2;cores;;50;380742
cenva;2048;128;128;1;max;omp;126;static,2;cores;;125;880471
cenva;2048;64;64;1;max;omp;126;static,2;cores;;125;879183
cenva;2048;32;32;1;max;omp;126;static,2;cores;;125;878992
cenva;2048;128;128;1;max;omp;247;static,2;cores;;250;1651607
cenva;2048;64;64;1;max;omp;247;static,2;cores;;250;1673491
cenva;2048;32;32;1;max;omp;247;static,2;cores;;250;1661570
cenva;2048;128;128;2;max;omp;52;static;cores;;50;198272
cenva;2048;64;64;2;max;omp;52;static;cores;;50;201372
cenva;2048;32;32;2;max;omp;52;static;cores;;50;200475
cenva;2048;128;128;2;max;omp;126;static;cores;;125;455066
cenva;2048;64;64;2;max;omp;126;static;cores;;125;450943
cenva;2048;32;32;2;max;omp;126;static;cores;;125;451553
cenva;2048;128;128;2;max;omp;255;static;cores;;250;871981
cenva;2048;64;64;2;max;omp;255;static;cores;;250;872349
cenva;2048;32;32;2;max;omp;255;static;cores;;250;872273
cenva;2048;128;128;2;max;omp;52;dynamic;cores;;50;199265
cenva;2048;64;64;2;max;omp;52;dynamic;cores;;50;201421
cenva;2048;32;32;2;max;omp;52;dynamic;cores;;50;197948
cenva;2048;128;128;2;max;omp;126;dynamic;cores;;125;458156
cenva;2048;64;64;2;max;omp;126;dynamic;cores;;125;446692
cenva;2048;32;32;2;max;omp;126;dynamic;cores;;125;453094
cenva;2048;128;128;2;max;omp;255;dynamic;cores;;250;870406
cenva;2048;64;64;2;max;omp;255;dynamic;cores;;250;884080
cenva;2048;32;32;2;max;omp;255;dynamic;cores;;250;884935
cenva;2048;128;128;2;max;omp;52;static,2;cores;;50;199348
cenva;2048;64;64;2;max;omp;52;static,2;cores;;50;198681
cenva;2048;32;32;2;max;omp;52;static,2;cores;;50;199164
cenva;2048;128;128;2;max;omp;126;static,2;cores;;125;451303
cenva;2048;64;64;2;max;omp;126;static,2;cores;;125;451287
cenva;2048;32;32;2;max;omp;126;static,2;cores;;125;449268
cenva;2048;128;128;2;max;omp;255;static,2;cores;;250;873612
cenva;2048;64;64;2;max;omp;255;static,2;cores;;250;873666
cenva;2048;32;32;2;max;omp;255;static,2;cores;;250;868271
cenva;2048;128;128;4;max;omp;151;static;cores;;50;301584
cenva;2048;64;64;4;max;omp;151;static;cores;;50;292932
cenva;2048;32;32;4;max;omp;151;static;cores;;50;295530
cenva;2048;128;128;4;max;omp;146;static;cores;;125;277441
cenva;2048;64;64;4;max;omp;146;static;cores;;125;276618
cenva;2048;32;32;4;max;omp;146;static;cores;;125;274273
cenva;2048;128;128;4;max;omp;724;static;cores;;250;1273615
cenva;2048;64;64;4;max;omp;724;static;cores;;250;1275616
cenva;2048;32;32;4;max;omp;724;static;cores;;250;1266875
cenva;2048;128;128;4;max;omp;151;dynamic;cores;;50;295754
cenva;2048;64;64;4;max;omp;151;dynamic;cores;;50;297817
cenva;2048;32;32;4;max;omp;151;dynamic;cores;;50;299957
cenva;2048;128;128;4;max;omp;146;dynamic;cores;;125;276853
cenva;2048;64;64;4;max;omp;146;dynamic;cores;;125;278411
cenva;2048;32;32;4;max;omp;146;dynamic;cores;;125;276855
cenva;2048;128;128;4;max;omp;724;dynamic;cores;;250;1265350
cenva;2048;64;64;4;max;omp;724;dynamic;cores;;250;1275013
cenva;2048;32;32;4;max;omp;724;dynamic;cores;;250;1271550
cenva;2048;128;128;4;max;omp;151;static,2;cores;;50;328870
cenva;2048;64;64;4;max;omp;151;static,2;cores;;50;300665
cenva;2048;32;32;4;max;omp;151;static,2;cores;;50;297527
cenva;2048;128;128;4;max;omp;146;static,2;cores;;125;276466
cenva;2048;64;64;4;max;omp;146;static,2;cores;;125;292969
cenva;2048;32;32;4;max;omp;146;static,2;cores;;125;275906
cenva;2048;128;128;4;max;omp;724;static,2;cores;;250;1287333
cenva;2048;64;64;4;max;omp;724;static,2;cores;;250;1283459
cenva;2048;32;32;4;max;omp;724;static,2;cores;;250;1308258
cenva;2048;128;128;6;max;omp;123;static;cores;;50;273766
cenva;2048;64;64;6;max;omp;123;static;cores;;50;263754
cenva;2048;32;32;6;max;omp;123;static;cores;;50;263478
cenva;2048;128;128;6;max;omp;317;static;cores;;125;657170
cenva;2048;64;64;6;max;omp;317;static;cores;;125;656242
cenva;2048;32;32;6;max;omp;317;static;cores;;125;663561
cenva;2048;128;128;6;max;omp;898;static;cores;;250;1821602
cenva;2048;64;64;6;max;omp;898;static;cores;;250;1807446
cenva;2048;32;32;6;max;omp;898;static;cores;;250;1795615
cenva;2048;128;128;6;max;omp;123;dynamic;cores;;50;275450
cenva;2048;64;64;6;max;omp;123;dynamic;cores;;50;264434
cenva;2048;32;32;6;max;omp;123;dynamic;cores;;50;266480
cenva;2048;128;128;6;max;omp;317;dynamic;cores;;125;655605
cenva;2048;64;64;6;max;omp;317;dynamic;cores;;125;657251
cenva;2048;32;32;6;max;omp;317;dynamic;cores;;125;664979
cenva;2048;128;128;6;max;omp;898;dynamic;cores;;250;1811050
cenva;2048;64;64;6;max;omp;898;dynamic;cores;;250;1819127
cenva;2048;32;32;6;max;omp;898;dynamic;cores;;250;1795394
cenva;2048;128;128;6;max;omp;123;static,2;cores;;50;272630
cenva;2048;64;64;6;max;omp;123;static,2;cores;;50;265917
cenva;2048;32;32;6;max;omp;123;static,2;cores;;50;264781
cenva;2048;128;128;6;max;omp;317;static,2;cores;;125;654563
cenva;2048;64;64;6;max;omp;317;static,2;cores;;125;656513
cenva;2048;32;32;6;max;omp;317;static,2;cores;;125;670431
cenva;2048;128;128;6;max;omp;898;static,2;cores;;250;1813909
cenva;2048;64;64;6;max;omp;898;static,2;cores;;250;1804862
cenva;2048;32;32;6;max;omp;898;static,2;cores;;250;1799302
cenva;2048;128;128;8;max;omp;151;static;cores;;50;283101
cenva;2048;64;64;8;max;omp;151;static;cores;;50;282504
cenva;2048;32;32;8;max;omp;151;static;cores;;50;280156
cenva;2048;128;128;8;max;omp;369;static;cores;;125;651732
cenva;2048;64;64;8;max;omp;369;static;cores;;125;650913
cenva;2048;32;32;8;max;omp;369;static;cores;;125;658081
cenva;2048;128;128;8;max;omp;1189;static;cores;;250;2069621
cenva;2048;64;64;8;max;omp;1189;static;cores;;250;2081867
cenva;2048;32;32;8;max;omp;1189;static;cores;;250;2078270
cenva;2048;128;128;8;max;omp;151;dynamic;cores;;50;279848
cenva;2048;64;64;8;max;omp;151;dynamic;cores;;50;281377
cenva;2048;32;32;8;max;omp;151;dynamic;cores;;50;288739
cenva;2048;128;128;8;max;omp;369;dynamic;cores;;125;655142
cenva;2048;64;64;8;max;omp;369;dynamic;cores;;125;667278
cenva;2048;32;32;8;max;omp;369;dynamic;cores;;125;649759
cenva;2048;128;128;8;max;omp;1189;dynamic;cores;;250;2085748
cenva;2048;64;64;8;max;omp;1189;dynamic;cores;;250;2082930
cenva;2048;32;32;8;max;omp;1189;dynamic;cores;;250;2068839
cenva;2048;128;128;8;max;omp;151;static,2;cores;;50;278076
cenva;2048;64;64;8;max;omp;151;static,2;cores;;50;279565
cenva;2048;32;32;8;max;omp;151;static,2;cores;;50;286493
cenva;2048;128;128;8;max;omp;369;static,2;cores;;125;651326
cenva;2048;64;64;8;max;omp;369;static,2;cores;;125;650530
cenva;2048;32;32;8;max;omp;369;static,2;cores;;125;653541
cenva;2048;128;128;8;max;omp;1189;static,2;cores;;250;2081363
cenva;2048;64;64;8;max;omp;1189;static,2;cores;;250;2074616
cenva;2048;32;32;8;max;omp;1189;static,2;cores;;250;2067392
cenva;2048;128;128;1;max;omp;51;static;cores;;50;388789
cenva;2048;64;64;1;max;omp;51;static;cores;;50;380173
cenva;2048;32;32;1;max;omp;51;static;cores;;50;381600
cenva;2048;128;128;1;max;omp;126;static;cores;;125;879640
cenva;2048;64;64;1;max;omp;126;static;cores;;125;878334
cenva;2048;32;32;1;max;omp;126;static;cores;;125;877414
cenva;2048;128;128;1;max;omp;247;static;cores;;250;1652876
cenva;2048;64;64;1;max;omp;247;static;cores;;250;1656299
cenva;2048;32;32;1;max;omp;247;static;cores;;250;1654354
cenva;2048;128;128;1;max;omp;51;dynamic;cores;;50;380912
cenva;2048;64;64;1;max;omp;51;dynamic;cores;;50;380885
cenva;2048;32;32;1;max;omp;51;dynamic;cores;;50;384595
cenva;2048;128;128;1;max;omp;126;dynamic;cores;;125;880215
cenva;2048;64;64;1;max;omp;126;dynamic;cores;;125;879740
cenva;2048;32;32;1;max;omp;126;dynamic;cores;;125;878614
cenva;2048;128;128;1;max;omp;247;dynamic;cores;;250;1654824
cenva;2048;64;64;1;max;omp;247;dynamic;cores;;250;1659292
cenva;2048;32;32;1;max;omp;247;dynamic;cores;;250;1654525
cenva;2048;128;128;1;max;omp;51;static,2;cores;;50;381749
cenva;2048;64;64;1;max;omp;51;static,2;cores;;50;386080
cenva;2048;32;32;1;max;omp;51;static,2;cores;;50;381532
cenva;2048;128;128;1;max;omp;126;static,2;cores;;125;882750
cenva;2048;64;64;1;max;omp;126;static,2;cores;;125;896452
cenva;2048;32;32;1;max;omp;126;static,2;cores;;125;880200
cenva;2048;128;128;1;max;omp;247;static,2;cores;;250;1674928
cenva;2048;64;64;1;max;omp;247;static,2;cores;;250;1660213
cenva;2048;32;32;1;max;omp;247;static,2;cores;;250;1656681
cenva;2048;128;128;2;max;omp;52;static;cores;;50;205167
cenva;2048;64;64;2;max;omp;52;static;cores;;50;205311
cenva;2048;32;32;2;max;omp;52;static;cores;;50;198312
cenva;2048;128;128;2;max;omp;126;static;cores;;125;448891
cenva;2048;64;64;2;max;omp;126;static;cores;;125;448197
cenva;2048;32;32;2;max;omp;126;static;cores;;125;449400
cenva;2048;128;128;2;max;omp;255;static;cores;;250;883929
cenva;2048;64;64;2;max;omp;255;static;cores;;250;870851
cenva;2048;32;32;2;max;omp;255;static;cores;;250;884388
cenva;2048;128;128;2;max;omp;52;dynamic;cores;;50;201847
cenva;2048;64;64;2;max;omp;52;dynamic;cores;;50;201253
cenva;2048;32;32;2;max;omp;52;dynamic;cores;;50;197882
cenva;2048;128;128;2;max;omp;126;dynamic;cores;;125;453607
cenva;2048;64;64;2;max;omp;126;dynamic;cores;;125;453904
cenva;2048;32;32;2;max;omp;126;dynamic;cores;;125;447517
cenva;2048;128;128;2;max;omp;255;dynamic;cores;;250;868857
cenva;2048;64;64;2;max;omp;255;dynamic;cores;;250;881749
cenva;2048;32;32;2;max;omp;255;dynamic;cores;;250;869227
cenva;2048;128;128;2;max;omp;52;static,2;cores;;50;198221
cenva;2048;64;64;2;max;omp;52;static,2;cores;;50;198969
cenva;2048;32;32;2;max;omp;52;static,2;cores;;50;198577
cenva;2048;128;128;2;max;omp;126;static,2;cores;;125;446591
cenva;2048;64;64;2;max;omp;126;static,2;cores;;125;447220
cenva;2048;32;32;2;max;omp;126;static,2;cores;;125;452482
cenva;2048;128;128;2;max;omp;255;static,2;cores;;250;876030
cenva;2048;64;64;2;max;omp;255;static,2;cores;;250;889286
cenva;2048;32;32;2;max;omp;255;static,2;cores;;250;879298
cenva;2048;128;128;4;max;omp;151;static;cores;;50;297085
cenva;2048;64;64;4;max;omp;151;static;cores;;50;298301
cenva;2048;32;32;4;max;omp;151;static;cores;;50;298050
cenva;2048;128;128;4;max;omp;146;static;cores;;125;278419
cenva;2048;64;64;4;max;omp;146;static;cores;;125;273657
cenva;2048;32;32;4;max;omp;146;static;cores;;125;279239
cenva;2048;128;128;4;max;omp;724;static;cores;;250;1271372
cenva;2048;64;64;4;max;omp;724;static;cores;;250;1277931
cenva;2048;32;32;4;max;omp;724;static;cores;;250;1255002
cenva;2048;128;128;4;max;omp;151;dynamic;cores;;50;296655
cenva;2048;64;64;4;max;omp;151;dynamic;cores;;50;297571
cenva;2048;32;32;4;max;omp;151;dynamic;cores;;50;297472
cenva;2048;128;128;4;max;omp;146;dynamic;cores;;125;289737
cenva;2048;64;64;4;max;omp;146;dynamic;cores;;125;279811
cenva;2048;32;32;4;max;omp;146;dynamic;cores;;125;276703
cenva;2048;128;128;4;max;omp;724;dynamic;cores;;250;1262038
cenva;2048;64;64;4;max;omp;724;dynamic;cores;;250;1265084
cenva;2048;32;32;4;max;omp;724;dynamic;cores;;250;1260544
cenva;2048;128;128;4;max;omp;151;static,2;cores;;50;296378
cenva;2048;64;64;4;max;omp;151;static,2;cores;;50;294555
cenva;2048;32;32;4;max;omp;151;static,2;cores;;50;316122
cenva;2048;128;128;4;max;omp;146;static,2;cores;;125;271701
cenva;2048;64;64;4;max;omp;146;static,2;cores;;125;276457
cenva;2048;32;32;4;max;omp;146;static,2;cores;;125;274180
cenva;2048;128;128;4;max;omp;724;static,2;cores;;250;1267542
cenva;2048;64;64;4;max;omp;724;static,2;cores;;250;1269228
cenva;2048;32;32;4;max;omp;724;static,2;cores;;250;1321995
cenva;2048;128;128;6;max;omp;123;static;cores;;50;261316
cenva;2048;64;64;6;max;omp;123;static;cores;;50;275996
cenva;2048;32;32;6;max;omp;123;static;cores;;50;262690
cenva;2048;128;128;6;max;omp;317;static;cores;;125;667240
cenva;2048;64;64;6;max;omp;317;static;cores;;125;651339
cenva;2048;32;32;6;max;omp;317;static;cores;;125;654600
cenva;2048;128;128;6;max;omp;898;static;cores;;250;1812324
cenva;2048;64;64;6;max;omp;898;static;cores;;250;1809933
cenva;2048;32;32;6;max;omp;898;static;cores;;250;1803798
cenva;2048;128;128;6;max;omp;123;dynamic;cores;;50;263174
cenva;2048;64;64;6;max;omp;123;dynamic;cores;;50;264434
cenva;2048;32;32;6;max;omp;123;dynamic;cores;;50;265369
cenva;2048;128;128;6;max;omp;317;dynamic;cores;;125;664410
cenva;2048;64;64;6;max;omp;317;dynamic;cores;;125;657091
cenva;2048;32;32;6;max;omp;317;dynamic;cores;;125;655301
cenva;2048;128;128;6;max;omp;898;dynamic;cores;;250;1805282
cenva;2048;64;64;6;max;omp;898;dynamic;cores;;250;1812582
cenva;2048;32;32;6;max;omp;898;dynamic;cores;;250;1808631
cenva;2048;128;128;6;max;omp;123;static,2;cores;;50;261808
cenva;2048;64;64;6;max;omp;123;static,2;cores;;50;265874
cenva;2048;32;32;6;max;omp;123;static,2;cores;;50;266235
cenva;2048;128;128;6;max;omp;317;static,2;cores;;125;663040
cenva;2048;64;64;6;max;omp;317;static,2;cores;;125;653184
cenva;2048;32;32;6;max;omp;317;static,2;cores;;125;656782
cenva;2048;128;128;6;max;omp;898;static,2;cores;;250;1824692
cenva;2048;64;64;6;max;omp;898;static,2;cores;;250;1825914
cenva;2048;32;32;6;max;omp;898;static,2;cores;;250;1810472
cenva;2048;128;128;8;max;omp;151;static;cores;;50;278018
cenva;2048;64;64;8;max;omp;151;static;cores;;50;280653
cenva;2048;32;32;8;max;omp;151;static;cores;;50;280068
cenva;2048;128;128;8;max;omp;369;static;cores;;125;657113
cenva;2048;64;64;8;max;omp;369;static;cores;;125;650801
cenva;2048;32;32;8;max;omp;369;static;cores;;125;651694
cenva;2048;128;128;8;max;omp;1189;static;cores;;250;2077617
cenva;2048;64;64;8;max;omp;1189;static;cores;;250;2073109
cenva;2048;32;32;8;max;omp;1189;static;cores;;250;2077991
cenva;2048;128;128;8;max;omp;151;dynamic;cores;;50;278417
cenva;2048;64;64;8;max;omp;151;dynamic;cores;;50;284324
cenva;2048;32;32;8;max;omp;151;dynamic;cores;;50;283675
cenva;2048;128;128;8;max;omp;369;dynamic;cores;;125;650883
cenva;2048;64;64;8;max;omp;369;dynamic;cores;;125;649548
cenva;2048;32;32;8;max;omp;369;dynamic;cores;;125;656783
cenva;2048;128;128;8;max;omp;1189;dynamic;cores;;250;2075939
cenva;2048;64;64;8;max;omp;1189;dynamic;cores;;250;2089482
cenva;2048;32;32;8;max;omp;1189;dynamic;cores;;250;2078908
cenva;2048;128;128;8;max;omp;151;static,2;cores;;50;279075
cenva;2048;64;64;8;max;omp;151;static,2;cores;;50;280497
cenva;2048;32;32;8;max;omp;151;static,2;cores;;50;281161
cenva;2048;128;128;8;max;omp;369;static,2;cores;;125;657183
cenva;2048;64;64;8;max;omp;369;static,2;cores;;125;674485
cenva;2048;32;32;8;max;omp;369;static,2;cores;;125;653945
cenva;2048;128;128;8;max;omp;1189;static,2;cores;;250;2078220
cenva;2048;64;64;8;max;omp;1189;static,2;cores;;250;2079501
cenva;2048;32;32;8;max;omp;1189;static,2;cores;;250;2085523
cenva;2048;128;128;1;max;omp;51;static;cores;;50;381855
cenva;2048;64;64;1;max;omp;51;static;cores;;50;388822
cenva;2048;32;32;1;max;omp;51;static;cores;;50;390422
cenva;2048;128;128;1;max;omp;126;static;cores;;125;884202
cenva;2048;64;64;1;max;omp;126;static;cores;;125;879599
cenva;2048;32;32;1;max;omp;126;static;cores;;125;879144
cenva;2048;128;128;1;max;omp;247;static;cores;;250;1657403
cenva;2048;64;64;1;max;omp;247;static;cores;;250;1655410
cenva;2048;32;32;1;max;omp;247;static;cores;;250;1658165
cenva;2048;128;128;1;max;omp;51;dynamic;cores;;50;381868
cenva;2048;64;64;1;max;omp;51;dynamic;cores;;50;380962
cenva;2048;32;32;1;max;omp;51;dynamic;cores;;50;382129
cenva;2048;128;128;1;max;omp;126;dynamic;cores;;125;885729
cenva;2048;64;64;1;max;omp;126;dynamic;cores;;125;884738
cenva;2048;32;32;1;max;omp;126;dynamic;cores;;125;878787
cenva;2048;128;128;1;max;omp;247;dynamic;cores;;250;1654750
cenva;2048;64;64;1;max;omp;247;dynamic;cores;;250;1655405
cenva;2048;32;32;1;max;omp;247;dynamic;cores;;250;1674191
cenva;2048;128;128;1;max;omp;51;static,2;cores;;50;381619
cenva;2048;64;64;1;max;omp;51;static,2;cores;;50;389326
cenva;2048;32;32;1;max;omp;51;static,2;cores;;50;381893
cenva;2048;128;128;1;max;omp;126;static,2;cores;;125;880067
cenva;2048;64;64;1;max;omp;126;static,2;cores;;125;879681
cenva;2048;32;32;1;max;omp;126;static,2;cores;;125;878884
cenva;2048;128;128;1;max;omp;247;static,2;cores;;250;1652734
cenva;2048;64;64;1;max;omp;247;static,2;cores;;250;1656727
cenva;2048;32;32;1;max;omp;247;static,2;cores;;250;1674750
cenva;2048;128;128;2;max;omp;52;static;cores;;50;201775
cenva;2048;64;64;2;max;omp;52;static;cores;;50;203322
cenva;2048;32;32;2;max;omp;52;static;cores;;50;199671
cenva;2048;128;128;2;max;omp;126;static;cores;;125;453672
cenva;2048;64;64;2;max;omp;126;static;cores;;125;457881
cenva;2048;32;32;2;max;omp;126;static;cores;;125;448655
cenva;2048;128;128;2;max;omp;255;static;cores;;250;871372
cenva;2048;64;64;2;max;omp;255;static;cores;;250;883445
cenva;2048;32;32;2;max;omp;255;static;cores;;250;872957
cenva;2048;128;128;2;max;omp;52;dynamic;cores;;50;201754
cenva;2048;64;64;2;max;omp;52;dynamic;cores;;50;199094
cenva;2048;32;32;2;max;omp;52;dynamic;cores;;50;198437
cenva;2048;128;128;2;max;omp;126;dynamic;cores;;125;454181
cenva;2048;64;64;2;max;omp;126;dynamic;cores;;125;452358
cenva;2048;32;32;2;max;omp;126;dynamic;cores;;125;448863
cenva;2048;128;128;2;max;omp;255;dynamic;cores;;250;871534
cenva;2048;64;64;2;max;omp;255;dynamic;cores;;250;886640
cenva;2048;32;32;2;max;omp;255;dynamic;cores;;250;876167
cenva;2048;128;128;2;max;omp;52;static,2;cores;;50;197764
cenva;2048;64;64;2;max;omp;52;static,2;cores;;50;202406
cenva;2048;32;32;2;max;omp;52;static,2;cores;;50;211432
cenva;2048;128;128;2;max;omp;126;static,2;cores;;125;445653
cenva;2048;64;64;2;max;omp;126;static,2;cores;;125;453262
cenva;2048;32;32;2;max;omp;126;static,2;cores;;125;446184
cenva;2048;128;128;2;max;omp;255;static,2;cores;;250;873595
cenva;2048;64;64;2;max;omp;255;static,2;cores;;250;873440
cenva;2048;32;32;2;max;omp;255;static,2;cores;;250;870551
cenva;2048;128;128;4;max;omp;151;static;cores;;50;295292
cenva;2048;64;64;4;max;omp;151;static;cores;;50;300603
cenva;2048;32;32;4;max;omp;151;static;cores;;50;297333
cenva;2048;128;128;4;max;omp;146;static;cores;;125;277198
cenva;2048;64;64;4;max;omp;146;static;cores;;125;275993
cenva;2048;32;32;4;max;omp;146;static;cores;;125;292248
cenva;2048;128;128;4;max;omp;724;static;cores;;250;1261516
cenva;2048;64;64;4;max;omp;724;static;cores;;250;1311180
cenva;2048;32;32;4;max;omp;724;static;cores;;250;1265458
cenva;2048;128;128;4;max;omp;151;dynamic;cores;;50;294985
cenva;2048;64;64;4;max;omp;151;dynamic;cores;;50;300445
cenva;2048;32;32;4;max;omp;151;dynamic;cores;;50;299766
cenva;2048;128;128;4;max;omp;146;dynamic;cores;;125;300227
cenva;2048;64;64;4;max;omp;146;dynamic;cores;;125;276500
cenva;2048;32;32;4;max;omp;146;dynamic;cores;;125;279105
cenva;2048;128;128;4;max;omp;724;dynamic;cores;;250;1270855
cenva;2048;64;64;4;max;omp;724;dynamic;cores;;250;1261524
cenva;2048;32;32;4;max;omp;724;dynamic;cores;;250;1259815
cenva;2048;128;128;4;max;omp;151;static,2;cores;;50;292601
cenva;2048;64;64;4;max;omp;151;static,2;cores;;50;297752
cenva;2048;32;32;4;max;omp;151;static,2;cores;;50;300962
cenva;2048;128;128;4;max;omp;146;static,2;cores;;125;292931
cenva;2048;64;64;4;max;omp;146;static,2;cores;;125;274491
cenva;2048;32;32;4;max;omp;146;static,2;cores;;125;273901
cenva;2048;128;128;4;max;omp;724;static,2;cores;;250;1263294
cenva;2048;64;64;4;max;omp;724;static,2;cores;;250;1276177
cenva;2048;32;32;4;max;omp;724;static,2;cores;;250;1312814
cenva;2048;128;128;6;max;omp;123;static;cores;;50;261834
cenva;2048;64;64;6;max;omp;123;static;cores;;50;264000
cenva;2048;32;32;6;max;omp;123;static;cores;;50;262841
cenva;2048;128;128;6;max;omp;317;static;cores;;125;653773
cenva;2048;64;64;6;max;omp;317;static;cores;;125;667238
cenva;2048;32;32;6;max;omp;317;static;cores;;125;653052
cenva;2048;128;128;6;max;omp;898;static;cores;;250;1822555
cenva;2048;64;64;6;max;omp;898;static;cores;;250;1826352
cenva;2048;32;32;6;max;omp;898;static;cores;;250;1812266
cenva;2048;128;128;6;max;omp;123;dynamic;cores;;50;261513
cenva;2048;64;64;6;max;omp;123;dynamic;cores;;50;263472
cenva;2048;32;32;6;max;omp;123;dynamic;cores;;50;264197
cenva;2048;128;128;6;max;omp;317;dynamic;cores;;125;655471
cenva;2048;64;64;6;max;omp;317;dynamic;cores;;125;666322
cenva;2048;32;32;6;max;omp;317;dynamic;cores;;125;655037
cenva;2048;128;128;6;max;omp;898;dynamic;cores;;250;1809151
cenva;2048;64;64;6;max;omp;898;dynamic;cores;;250;1805236
cenva;2048;32;32;6;max;omp;898;dynamic;cores;;250;1817798
cenva;2048;128;128;6;max;omp;123;static,2;cores;;50;262129
cenva;2048;64;64;6;max;omp;123;static,2;cores;;50;266435
cenva;2048;32;32;6;max;omp;123;static,2;cores;;50;264267
cenva;2048;128;128;6;max;omp;317;static,2;cores;;125;656073
cenva;2048;64;64;6;max;omp;317;static,2;cores;;125;665306
cenva;2048;32;32;6;max;omp;317;static,2;cores;;125;653285
cenva;2048;128;128;6;max;omp;898;static,2;cores;;250;1812975
cenva;2048;64;64;6;max;omp;898;static,2;cores;;250;1809329
cenva;2048;32;32;6;max;omp;898;static,2;cores;;250;1806350
cenva;2048;128;128;8;max;omp;151;static;cores;;50;277411
cenva;2048;64;64;8;max;omp;151;static;cores;;50;281448
cenva;2048;32;32;8;max;omp;151;static;cores;;50;286433
cenva;2048;128;128;8;max;omp;369;static;cores;;125;652660
cenva;2048;64;64;8;max;omp;369;static;cores;;125;656304
cenva;2048;32;32;8;max;omp;369;static;cores;;125;655773
cenva;2048;128;128;8;max;omp;1189;static;cores;;250;2078381
cenva;2048;64;64;8;max;omp;1189;static;cores;;250;2088731
cenva;2048;32;32;8;max;omp;1189;static;cores;;250;2075366
cenva;2048;128;128;8;max;omp;151;dynamic;cores;;50;279495
cenva;2048;64;64;8;max;omp;151;dynamic;cores;;50;280223
cenva;2048;32;32;8;max;omp;151;dynamic;cores;;50;279099
cenva;2048;128;128;8;max;omp;369;dynamic;cores;;125;657244
cenva;2048;64;64;8;max;omp;369;dynamic;cores;;125;650572
cenva;2048;32;32;8;max;omp;369;dynamic;cores;;125;652911
cenva;2048;128;128;8;max;omp;1189;dynamic;cores;;250;2075455
cenva;2048;64;64;8;max;omp;1189;dynamic;cores;;250;2083522
cenva;2048;32;32;8;max;omp;1189;dynamic;cores;;250;2072871
cenva;2048;128;128;8;max;omp;151;static,2;cores;;50;278836
cenva;2048;64;64;8;max;omp;151;static,2;cores;;50;286410
cenva;2048;32;32;8;max;omp;151;static,2;cores;;50;281974
cenva;2048;128;128;8;max;omp;369;static,2;cores;;125;652538
cenva;2048;64;64;8;max;omp;369;static,2;cores;;125;661771
cenva;2048;32;32;8;max;omp;369;static,2;cores;;125;658306
cenva;2048;128;128;8;max;omp;1189;static,2;cores;;250;2076771
cenva;2048;64;64;8;max;omp;1189;static,2;cores;;250;2074249
cenva;2048;32;32;8;max;omp;1189;static,2;cores;;250;2076279
cenva;2048;128;128;1;max;omp;51;static;cores;;50;381480
cenva;2048;64;64;1;max;omp;51;static;cores;;50;388541
cenva;2048;32;32;1;max;omp;51;static;cores;;50;381751
cenva;2048;128;128;1;max;omp;126;static;cores;;125;880188
cenva;2048;64;64;1;max;omp;126;static;cores;;125;879199
cenva;2048;32;32;1;max;omp;126;static;cores;;125;879087
cenva;2048;128;128;1;max;omp;247;static;cores;;250;1654840
cenva;2048;64;64;1;max;omp;247;static;cores;;250;1662864
cenva;2048;32;32;1;max;omp;247;static;cores;;250;1657431
cenva;2048;128;128;1;max;omp;51;dynamic;cores;;50;383260
cenva;2048;64;64;1;max;omp;51;dynamic;cores;;50;381367
cenva;2048;32;32;1;max;omp;51;dynamic;cores;;50;381993
cenva;2048;128;128;1;max;omp;126;dynamic;cores;;125;879768
cenva;2048;64;64;1;max;omp;126;dynamic;cores;;125;884170
cenva;2048;32;32;1;max;omp;126;dynamic;cores;;125;877758
cenva;2048;128;128;1;max;omp;247;dynamic;cores;;250;1654593
cenva;2048;64;64;1;max;omp;247;dynamic;cores;;250;1665764
cenva;2048;32;32;1;max;omp;247;dynamic;cores;;250;1669731
cenva;2048;128;128;1;max;omp;51;static,2;cores;;50;381581
cenva;2048;64;64;1;max;omp;51;static,2;cores;;50;380807
cenva;2048;32;32;1;max;omp;51;static,2;cores;;50;380606
cenva;2048;128;128;1;max;omp;126;static,2;cores;;125;879417
cenva;2048;64;64;1;max;omp;126;static,2;cores;;125;880456
cenva;2048;32;32;1;max;omp;126;static,2;cores;;125;880013
cenva;2048;128;128;1;max;omp;247;static,2;cores;;250;1662721
cenva;2048;64;64;1;max;omp;247;static,2;cores;;250;1674608
cenva;2048;32;32;1;max;omp;247;static,2;cores;;250;1664940
cenva;2048;128;128;2;max;omp;52;static;cores;;50;199672
cenva;2048;64;64;2;max;omp;52;static;cores;;50;199832
cenva;2048;32;32;2;max;omp;52;static;cores;;50;198228
cenva;2048;128;128;2;max;omp;126;static;cores;;125;448359
cenva;2048;64;64;2;max;omp;126;static;cores;;125;447109
cenva;2048;32;32;2;max;omp;126;static;cores;;125;450526
cenva;2048;128;128;2;max;omp;255;static;cores;;250;882775
cenva;2048;64;64;2;max;omp;255;static;cores;;250;877824
cenva;2048;32;32;2;max;omp;255;static;cores;;250;874602
cenva;2048;128;128;2;max;omp;52;dynamic;cores;;50;201422
cenva;2048;64;64;2;max;omp;52;dynamic;cores;;50;205404
cenva;2048;32;32;2;max;omp;52;dynamic;cores;;50;197683
cenva;2048;128;128;2;max;omp;126;dynamic;cores;;125;447180
cenva;2048;64;64;2;max;omp;126;dynamic;cores;;125;450549
cenva;2048;32;32;2;max;omp;126;dynamic;cores;;125;451875
cenva;2048;128;128;2;max;omp;255;dynamic;cores;;250;881120
cenva;2048;64;64;2;max;omp;255;dynamic;cores;;250;869122
cenva;2048;32;32;2;max;omp;255;dynamic;cores;;250;877897
cenva;2048;128;128;2;max;omp;52;static,2;cores;;50;198874
cenva;2048;64;64;2;max;omp;52;static,2;cores;;50;201909
cenva;2048;32;32;2;max;omp;52;static,2;cores;;50;198034
cenva;2048;128;128;2;max;omp;126;static,2;cores;;125;452807
cenva;2048;64;64;2;max;omp;126;static,2;cores;;125;458696
cenva;2048;32;32;2;max;omp;126;static,2;cores;;125;453469
cenva;2048;128;128;2;max;omp;255;static,2;cores;;250;872004
cenva;2048;64;64;2;max;omp;255;static,2;cores;;250;883044
cenva;2048;32;32;2;max;omp;255;static,2;cores;;250;886660
cenva;2048;128;128;4;max;omp;151;static;cores;;50;298674
cenva;2048;64;64;4;max;omp;151;static;cores;;50;296254
cenva;2048;32;32;4;max;omp;151;static;cores;;50;294703
cenva;2048;128;128;4;max;omp;146;static;cores;;125;270065
cenva;2048;64;64;4;max;omp;146;static;cores;;125;275678
cenva;2048;32;32;4;max;omp;146;static;cores;;125;271375
cenva;2048;128;128;4;max;omp;724;static;cores;;250;1269540
cenva;2048;64;64;4;max;omp;724;static;cores;;250;1264550
cenva;2048;32;32;4;max;omp;724;static;cores;;250;1269857
cenva;2048;128;128;4;max;omp;151;dynamic;cores;;50;297812
cenva;2048;64;64;4;max;omp;151;dynamic;cores;;50;299825
cenva;2048;32;32;4;max;omp;151;dynamic;cores;;50;298855
cenva;2048;128;128;4;max;omp;146;dynamic;cores;;125;274242
cenva;2048;64;64;4;max;omp;146;dynamic;cores;;125;276936
cenva;2048;32;32;4;max;omp;146;dynamic;cores;;125;277486
cenva;2048;128;128;4;max;omp;724;dynamic;cores;;250;1272540
cenva;2048;64;64;4;max;omp;724;dynamic;cores;;250;1281891
cenva;2048;32;32;4;max;omp;724;dynamic;cores;;250;1259520
cenva;2048;128;128;4;max;omp;151;static,2;cores;;50;293118
cenva;2048;64;64;4;max;omp;151;static,2;cores;;50;295383
cenva;2048;32;32;4;max;omp;151;static,2;cores;;50;294643
cenva;2048;128;128;4;max;omp;146;static,2;cores;;125;272483
cenva;2048;64;64;4;max;omp;146;static,2;cores;;125;289430
cenva;2048;32;32;4;max;omp;146;static,2;cores;;125;275560
cenva;2048;128;128;4;max;omp;724;static,2;cores;;250;1265625
cenva;2048;64;64;4;max;omp;724;static,2;cores;;250;1284224
cenva;2048;32;32;4;max;omp;724;static,2;cores;;250;1307795
cenva;2048;128;128;6;max;omp;123;static;cores;;50;260097
cenva;2048;64;64;6;max;omp;123;static;cores;;50;272766
cenva;2048;32;32;6;max;omp;123;static;cores;;50;263502
cenva;2048;128;128;6;max;omp;317;static;cores;;125;650443
cenva;2048;64;64;6;max;omp;317;static;cores;;125;651045
cenva;2048;32;32;6;max;omp;317;static;cores;;125;667519
cenva;2048;128;128;6;max;omp;898;static;cores;;250;1799771
cenva;2048;64;64;6;max;omp;898;static;cores;;250;1800135
cenva;2048;32;32;6;max;omp;898;static;cores;;250;1810964
cenva;2048;128;128;6;max;omp;123;dynamic;cores;;50;263460
cenva;2048;64;64;6;max;omp;123;dynamic;cores;;50;270960
cenva;2048;32;32;6;max;omp;123;dynamic;cores;;50;264265
cenva;2048;128;128;6;max;omp;317;dynamic;cores;;125;657612
cenva;2048;64;64;6;max;omp;317;dynamic;cores;;125;671044
cenva;2048;32;32;6;max;omp;317;dynamic;cores;;125;702469
cenva;2048;128;128;6;max;omp;898;dynamic;cores;;250;1830629
cenva;2048;64;64;6;max;omp;898;dynamic;cores;;250;1794668
cenva;2048;32;32;6;max;omp;898;dynamic;cores;;250;1805083
cenva;2048;128;128;6;max;omp;123;static,2;cores;;50;262886
cenva;2048;64;64;6;max;omp;123;static,2;cores;;50;273677
cenva;2048;32;32;6;max;omp;123;static,2;cores;;50;265363
cenva;2048;128;128;6;max;omp;317;static,2;cores;;125;659297
cenva;2048;64;64;6;max;omp;317;static,2;cores;;125;655727
cenva;2048;32;32;6;max;omp;317;static,2;cores;;125;669271
cenva;2048;128;128;6;max;omp;898;static,2;cores;;250;1809355
cenva;2048;64;64;6;max;omp;898;static,2;cores;;250;1799481
cenva;2048;32;32;6;max;omp;898;static,2;cores;;250;1812450
cenva;2048;128;128;8;max;omp;151;static;cores;;50;278689
cenva;2048;64;64;8;max;omp;151;static;cores;;50;306466
cenva;2048;32;32;8;max;omp;151;static;cores;;50;282657
cenva;2048;128;128;8;max;omp;369;static;cores;;125;652774
cenva;2048;64;64;8;max;omp;369;static;cores;;125;652159
cenva;2048;32;32;8;max;omp;369;static;cores;;125;655777
cenva;2048;128;128;8;max;omp;1189;static;cores;;250;2083722
cenva;2048;64;64;8;max;omp;1189;static;cores;;250;2086659
cenva;2048;32;32;8;max;omp;1189;static;cores;;250;2075134
cenva;2048;128;128;8;max;omp;151;dynamic;cores;;50;279046
cenva;2048;64;64;8;max;omp;151;dynamic;cores;;50;280958
cenva;2048;32;32;8;max;omp;151;dynamic;cores;;50;280106
cenva;2048;128;128;8;max;omp;369;dynamic;cores;;125;654151
cenva;2048;64;64;8;max;omp;369;dynamic;cores;;125;659166
cenva;2048;32;32;8;max;omp;369;dynamic;cores;;125;649655
cenva;2048;128;128;8;max;omp;1189;dynamic;cores;;250;2079290
cenva;2048;64;64;8;max;omp;1189;dynamic;cores;;250;2077048
cenva;2048;32;32;8;max;omp;1189;dynamic;cores;;250;2083193
cenva;2048;128;128;8;max;omp;151;static,2;cores;;50;277771
cenva;2048;64;64;8;max;omp;151;static,2;cores;;50;282181
cenva;2048;32;32;8;max;omp;151;static,2;cores;;50;279506
cenva;2048;128;128;8;max;omp;369;static,2;cores;;125;658079
cenva;2048;64;64;8;max;omp;369;static,2;cores;;125;649571
cenva;2048;32;32;8;max;omp;369;static,2;cores;;125;651392
cenva;2048;128;128;8;max;omp;1189;static,2;cores;;250;2078970
cenva;2048;64;64;8;max;omp;1189;static,2;cores;;250;2071239
cenva;2048;32;32;8;max;omp;1189;static,2;cores;;250;2088497
cenva;2048;32;32;1;max;seq;51;;cores;;50;430783
cenva;2048;32;32;1;max;seq;126;;cores;;125;995128
cenva;2048;32;32;1;max;seq;247;;cores;;250;1892452
cenva;2048;32;32;1;max;seq;51;;cores;;50;426759
cenva;2048;32;32;1;max;seq;126;;cores;;125;997249
cenva;2048;32;32;1;max;seq;247;;cores;;250;1892959
cenva;2048;32;32;1;max;seq;51;;cores;;50;426843
cenva;2048;32;32;1;max;seq;126;;cores;;125;996006
cenva;2048;32;32;1;max;seq;247;;cores;;250;1902959
cenva;2048;32;32;1;max;seq;51;;cores;;50;435934
cenva;2048;32;32;1;max;seq;126;;cores;;125;994209
cenva;2048;32;32;1;max;seq;247;;cores;;250;1891370
cenva;2048;32;32;1;max;seq;51;;cores;;50;426909
cenva;2048;32;32;1;max;seq;126;;cores;;125;1014015
cenva;2048;32;32;1;max;seq;247;;cores;;250;1929974
